dataset,metric,model,year,name,Min,Max,AVERAGE,Source,,,
FewRel,Avg. F1,Table-Sequence,2020,,"6,37","6,37","6,37",PWC,,,
Wiki-ZSL,Avg. F1,Table-Sequence,2020,,"6,4","6,4","6,4",PWC,,,
Adverse Drug Events (ADE) Corpus,NER Macro F1,Table-Sequence,2020,,81,"89,7","85,35",PWC,,,
TACRED,F1 (1% Few-Shot),LUKE,2020,,17,17,17,PWC,,,
FewRel,Avg. F1,RelationPrompt,2022,,"24,61","24,61","24,61",PWC,,,
OIE2016,F1,DeepStruct,2022,,"28,1","71,3","49,7",PWC,,,
Wiki-ZSL,Avg. F1,RelationPrompt,2022,,"31,19","31,19","31,19",PWC,,,
DocRED,F1,DocRED,2019,DocRED2019,"36,44","56,40","46,42",PWC,,,
SciERC,RE+ Micro F1,PURE,2020,,"36,7","68,2","52,45",PWC,,,
SciERC,RE+ Micro F1,PFN,2021,,"38,4","38,4","38,4",PWC,,,
TACRED,F1 (1% Few-Shot),BERTEM+MTB,2019,,"43,4","43,4","43,4",PWC,,,
DocRED,F1,JEREX,2021,JEREX2021,"43,80",64,"53,90",PWC,,,
Penn Treebank,F1,DeepStruct,2022,,"45,10","54,5","49,80",PWC,,,
DocRED,Relation F1,REBEL,2021,REBEL2021,"47,10",64,"55,55",PWC,,,
GENIA,F1,DeepStruct,2022,,"47,2",82,"64,6",PWC,,,
SciERC,Relation F1,DyGIE++,2019,,"48,4","48,4","48,4",PWC,,,
NYT11-HRL,F1,SPTRee,2016,,"52,20","52,20","52,20",Nayak_2021,,,
TACRED,F1 (5% Few-Shot),LUKE,2020,,"51,6","51,6","51,6",PWC,,,
DWIE,Avg. F1,KB-both,2021,,"52,1","91,5","71,8",PWC,,,
DocRED,F1,LSR,2020,LSR2020,"52,15","59,05","55,60",PWC,,,
DocRED,F1,GAIN-BERT,2020,GAIN-BERT2020,"52,66","63,10","57,88",PWC,,,
DocRED,F1,HeterGSAN,2020,HeterGSAN2020,"53,27","59,45","56,36",PWC,,,
NYT11-HRL,F1,Tagging,2017,,"46,70","46,70","46,70",Nayak_2021,,,
DocRED,F1,CorefBERT,2020,CorefBERT2020,"54,54","62,50","58,52",PWC,,,
NYT11-HRL,F1,CopyR,2018,,"50,40","50,40","50,40",Nayak_2021,,,
DocRED,F1,SSAN,2021,SSAN2021,"55,84","63,78","59,81",PWC,,,
DocRED,F1,SIRE,2021,SIRE2021,"55,96","55,96","55,96",PWC,,,
DocRED,Ign F1,MRN,2021,MRN2021,"56,19","62,05","59,12",PWC,,,
BioRED,F1,BERT-GT,2021,,"56,5","72,1","64,3",PWC,,,
DocRED,F1,GLRE,2020,GLRE2020,"56,80","59,00","57,90",PWC,,,
DocRED,Ign F1,MIUK,2021,MIUK2021,"58,05","65,92","61,99",PWC,,,
DocRED,F1,LogiRE,2021,LogiRE2021,"58,62","66,1","62,36",PWC,,,
ACE 2005,RE+ Micro F1,GCN,2019,,"59,1","59,1","59,1",PWC,,,
DocRED,F1,ATLOP,2020,ATLOP2020,"59,31","63,40","61,36",PWC,,,
ACE 2004,RE+ Micro F1,Table-Sequence,2020,,"59,6","63,3","61,45",PWC,,,
DialogRE,F1 (v1),GDPNet,2020,,61,"64,9","62,95",PWC,,,
CDR,F1,DocuNet,2021,,"61,74","76,3","69,02",PWC,,,
ACE 2005,NER Micro F1,MRC4ERE++,2020,,"62,1","85,5","73,8",PWC,,,
ACE 2004,RE+ Micro F1,PURE,2020,,"62,2","66,1","64,15",PWC,,,
ACE 2005,RE Micro F1,PURE,2020,,"62,2",99,"80,6",PWC,,,
DocRED,F1,DocuNet,2021,DocuNet2021,"62,40","64,55","63,48",PWC,,,
ACE 2004,RE+ Micro F1,PFN,2021,,"62,5","62,5","62,5",PWC,,,
ACE 2005,Cross Sentence,TriMF,2021,,"62,77","66,49","64,63",PWC,,,
ACE 2005,RE Micro F1,Span-level,2019,,"62,83","62,83","62,83",PWC,,,
ASTE,F1 (R16),UIE,2022,,"62,94","72,86","67,9",PWC,,,
ACE 2005,RE Micro F1,DyGIE++,2019,,"63,4","63,4","63,4",PWC,,,
DocRED,F1,EIDER,2022,EIDER2022,"64,20","64,79","64,50",PWC,,,
ACE 2005,RE+ Micro F1,Table-Sequence,2020,,"64,3","67,6","65,95",PWC,,,
NYT10-HRL,F1,Tagging,2017,Tagging2017,42,42,42,Nayak_2021,,,
GDA,F1,DocuNet,2021,,"64,55","85,3","74,93",PWC,,,
TACRED,F1 (10% Few-Shot),BERTEM+MTB,2019,,"64,8","64,8","64,8",PWC,,,
CDR,F1,LSR,2020,,"64,8","64,8","64,8",PWC,,,
DocRED,F1,DREEAM,2023,DREEAM2023,"65,47","67,53","66,50",PWC,,,
DialogRE,F1 (v1),KnowPrompt,2022,,66,66,66,PWC,,,
TACRED,F1 (10% Few-Shot),LUKE,2020,,66,66,66,PWC,,,
FewRel,F1 (10-way 5-shot),DeepStruct,2022,,"66,4","94,6","80,5",PWC,,,
ACE 2005,RE+ Micro F1,PFN,2021,,"66,8","66,8","66,8",PWC,,,
FewRel,F1 (10-way 1-shot),DeepStruct,2022,,"67,6","97,8","82,7",PWC,,,
TACRED,F1,SDP-LSTM,2015,SDP-LSTM2015,"58,7","58,7","58,7",Nayak_2021,2015,"64,8",
CDR,F1,SSAN,2021,,"68,7","68,7","68,7",PWC,,,
CDR,F1,ATLOP,2020,,"69,4","69,4","69,4",PWC,,,
TACRED,F1,Tree-LSTM,2015,Tree-LSTM2015,"62,4","62,4","62,4",Nayak_2021,2016,"64,95",
NYT10-HRL,F1,CopyRE,2018,CopyRE2018,"58,7","58,7","58,7",ye-etal-2022-generative,,,
FewRel,F1 (5-way 1-shot),DeepStruct,2022,,"72,4","98,4","85,4",PWC,,,
TACRED,F1,PA-LSTM,2017,PA-LSTM2017,"65,1","65,1","65,1",Nayak_2021,2017,"65,1","0,00462962963"
TACRED,F1,GCN,2018,GCN2018,64,64,64,Nayak_2021,2018,"76,84785714","0,1804586351"
TACRED,F1,C-GCN,2018,C-GCN2018,"66,4","66,4","66,4",Nayak_2021,2019,"68,72857143","-0,1056540288"
ChemProt,F1,HDP,2019,,"77,5","81,9","79,7",PWC,,,
Adverse Drug Events (ADE) Corpus,NER Macro F1,CMAN,2020,,"89,4","89,4","89,4",PWC,,,
ACE 2005,Relation classification F1,Walk-based,2019,,"81,14","81,14","81,14",PWC,,,
JNLPBA,F1,HDP,2019,,82,82,82,PWC,,,
GDA,F1,LSR,2020,,"82,2","82,2","82,2",PWC,,,
Adverse Drug Events (ADE) Corpus,RE+ Macro F1,REBEL,2021,,"82,2","82,2","82,2",PWC,,,
Adverse Drug Events (ADE) Corpus,RE+ Macro F1,PFN,2021,,"83,2","83,2","83,2",PWC,,,
MATRES,F1,SCS-EERE,2022,,"83,4","83,4","83,4",PWC,,,
GDA,F1,ATLOP,2020,,"83,9","83,9","83,9",PWC,,,
GDA,F1,SSAN,2021,,"83,9","83,9","83,9",PWC,,,
GAD,F1,HDP,2019,,"84,3","84,3","84,3",PWC,,,
BC2GM,F1,HDP,2019,,"85,1","85,1","85,1",PWC,,,
Adverse Drug Events (ADE) Corpus,Relation F1,DeepStruct,2022,,16,"83,8","49,9",PWC,,,
SemEval-2010 Task 8,F1,BERTEM+MTB,2019,,"89,5","89,5","89,5",PWC,,,
WebNLG,F1_Partial,Tagging,2017,Tagging2017,"28,3","28,3","28,3",Nayak_2021,,,
WebNLG,F1_Partial,CopyR,2018,CopyR2018,"37,1","37,1","37,1",Nayak_2021,,,
SemEval-2010 Task 8,F1,KnowPrompt,2022,,93,93,93,PWC,,,
WebNLG,F1_Partial,GraphR,2019,GraphR2019,"42,9","42,9","42,9",Nayak_2021,,,
WebNLG,F1,HRL,2019,HRL2019,66,66,66,Nayak_2021,,,
WebNLG,F1_Partial,CasRelBERT,2020,CasRelBERT2020,"91,8","91,8","91,8",PWC,,,
Re-TACRED,F1,REBEL,2021,,94,94,94,PWC,,,
FewRel,F1 (5-way 5-shot,DeepStruct,2022,,"96,4",100,"98,2",PWC,,,
ATIS,F1,DeepStruct,2022,,"97,3","97,8","97,55",PWC,,,
SNIPS,F1,DeepStruct,2022,,"97,3","97,4","97,35",PWC,,,
TACRED,F1,GCN+PA-LSTM,2018,GCN+PA-LSTM2018,"67,1","67,1","67,1",Nayak_2021,2020,"74,83333333",#DIV/0!
TACRED,F1,C-GCN+PA-LSTM,2018,C-GCN+PA-LSTM2018,"68,2","68,2","68,2",Nayak_2021,,,
TACRED,F1,AGGCN,2019,AGGCN2019,"68,2","68,2","68,2",PWC,,,
TACRED,F1,BERTEM+MTB,2019,BERTEM+MTB2019,"71,5","71,5","71,5",PWC,,,
TACRED,F1,AGGCN,2019,AGGCN2019,"65,1","65,1","65,1",Nayak_2021,,,
TACRED,F1,C-AGGCN,2019,C-AGGCN2019,69,69,69,Nayak_2021,,,
TACRED,F1,BERT,2019,BERT2019,"66,4","66,4","66,4",Nayak_2021,,,
TACRED,F1,BERTEM,2019,BERTEM2019,"70,1","70,1","70,1",Nayak_2021,,,
TACRED,F1,SPANBERT,2019,SPANBERT2019,"70,8","70,8","70,8",Nayak_2021,,,
TACRED,F1,LUKE,2020,LUKE2020,"72,7","72,7","72,7",PWC,,,
TACRED,F1,GDPNet,2020,GDPNet2020,75,75,75,PWC,,,
TACRED,F1,DeepStruct,2022,DeepStruct2022,"76,8","76,8","76,8",PWC,,,
SemEval-2010 Task 8,F1,SVM,2010,,"82,2","82,2","82,2",Nayak_2021,,,
SemEval-2010 Task 8,F1,CNN,2014,,"82,7","82,7","82,7",Nayak_2021,,,
SemEval-2010 Task 8,F1,PA-LSTM,2017,,"82,7","82,7","82,7",Nayak_2021,,,
SemEval-2010 Task 8,F1,SPTree,2016,,"84,4","84,4","84,4",Nayak_2021,,,
SemEval-2010 Task 8,F1,CGCN,2018,,"84,8","84,8","84,8",Nayak_2021,,,
SemEval-2010 Task 8,F1,C-AGGCN,2019,,"85,7","85,7","85,7",Nayak_2021,,,
SemEval-2010 Task 8,F1,Att-Input-CNN,2016,,"87,5","87,5","87,5",Nayak_2021,,,
SemEval-2010 Task 8,F1,Att-Pooling-CNN,2016,,88,88,88,Nayak_2021,,,
SemEval-2010 Task 8,F1,BERTEM,2019,,"89,2","89,2","89,2",Nayak_2021,,,
WebNLG,F1,TPLinkerBERT,2020,TPLinkerBERT2020,"91,9","91,9","91,9",PWC,,,
WebNLG,F1,CopyMLT,2020,CopyMLT2020,"58,9","58,9","58,9",Nayak_2021,,,
WebNLG,F1,RSAN,2020,RSAN2020,"82,1","82,1","82,1",Nayak_2021,,,
WebNLG,F1,ETLSPAN,2020,ETLSPAN2020,"83,1","83,1","83,1",Nayak_2021,,,
WebNLG,F1_Partial,CasRelLSTM,2020,CasRelLSTM2020,"91,8","91,8","91,8",Nayak_2021,,,
WebNLG,F1,TPLinkerLSTM,2020,TPLinkerLSTM2020,"86,4","86,4","86,4",Nayak_2021,,,
WebNLG,F1,TDEER,2021,TDEER2021,"93,1","93,1","93,1",PWC,,,
WebNLG,F1,TDEER,2021,TDEER2021,"93,1","93,1","93,1",PWC,,,
WebNLG,F1,PFN,2021,PFN2021,"93,6","93,6","93,6",PWC,"78,7",,
WebNLG,F1,CGTBERT,2021,CGTBERT2021,"83,7","83,7","83,7",Nayak_2021,,,
WebNLG,F1_Partial,SPNBERT,2021,SPNBERT2021,"93,4","93,4","93,4",Nayak_2021,,,
NYT10-HRL,F1,CopyR,2018,CopyR2018,"58,70","58,70","58,70",Nayak_2021,,,
NYT10-HRL,F1,CopyRRL,2019,CopyRRL2019,"72,1","72,1","72,1",ye-etal-2022-generative,,,
NYT10-HRL,F1,GraphR,2019,GraphR2019,"61,90","61,90","61,90",Nayak_2021,,,
NYT10-HRL,F1,MrMep,2019,MrMep2019,"77,10","77,10","77,10",Nayak_2021,,,
NYT10-HRL,F1,HRL,2019,HRL2019,"77,60","77,60","77,60",Nayak_2021,,,
NYT10-HRL,F1,TPLinkerBERT,2020,TPLinkerBERT2020,92,92,92,PWC,,,
NYT10-HRL,F1,CopyMTL,2020,CopyMTL2020,72,72,72,ye-etal-2022-generative,,,
NYT10-HRL,F1,PNDEC,2020,PNDEC2020,"83,8","83,8","83,8",ye-etal-2022-generative,,,
NYT10-HRL,F1,SPN,2020,SPN2020,"92,5","92,5","92,5",ye-etal-2022-generative,,,
NYT10-HRL,F1,Seq2UMTree,2020,Seq2UMTree2020,"77,1","77,1","77,1",ye-etal-2022-generative,,,
NYT10-HRL,F1,CopyMTL,2020,CopyMTL2020,"72,00","72,00","72,00",Nayak_2021,,,
NYT10-HRL,F1,ETLSpan,2020,ETLSpan2020,"78,00","78,00","78,00",Nayak_2021,,,
NYT10-HRL,F1,PNDec,2020,PNDec2020,"78,90","78,90","78,90",Nayak_2021,,,
NYT10-HRL,F1,WDec,2020,WDec2020,"81,70","81,70","81,70",Nayak_2021,,,
NYT10-HRL,F1,CasRelLSTM,2020,CasRelLSTM2020,"83,60","83,60","83,60",Nayak_2021,,,
NYT10-HRL,F1,TPLinkerLSTM,2020,TPLinkerLSTM2020,"84,00","84,00","84,00",Nayak_2021,,,
NYT10-HRL,F1,RSAN,2020,RSAN2020,"84,60","84,60","84,60",Nayak_2021,,,
NYT10-HRL,F1,RIN,2020,RIN2020,"84,70","84,70","84,70",Nayak_2021,,,
NYT10-HRL,F1,ReRe,2021,ReRe2021,"64,4","73,95","69,175",PWC,,,
NYT10-HRL,F1,CGT,2021,CGT2021,"89,1","89,1","89,1",ye-etal-2022-generative,,,
NYT10-HRL,F1,REBEL,2021,REBEL2021,"91,8","91,8","91,8",ye-etal-2022-generative,,,
NYT10-HRL,F1,TANL,2021,TANL2021,"90,8","90,8","90,8",ye-etal-2022-generative,,,
NYT10-HRL,F1,UIE,2022,UIE2022,"93,5","91,8","91,8",ye-etal-2022-generative,,,
NYT10-HRL,F1,DEEPSTRUCT,2022,DEEPSTRUCT2022,"93,9","93,9","93,9",ye-etal-2022-generative,,,
NYT11-HRL,F1,HRL,2019,,"64,30","64,30","64,30",Nayak_2021,,,
NYT11-HRL,F1,MrMeep,2019,,"67,30","67,30","67,30",Nayak_2021,,,
NYT11-HRL,F1,CasRelBERT,2020,,"89,6","89,6","89,6",PWC,,,
NYT11-HRL,F1,TPLinkerLSTM,2020,,84,84,84,PWC,,,
NYT11-HRL,F1,PNDec,2020,,"67,30","67,30","67,30",Nayak_2021,,,
NYT11-HRL,F1,WDec,2020,,"68,20","68,20","68,20",Nayak_2021,,,
NYT11-HRL,F1,ReRe,2021,,"53,8","56,23","55,015",PWC,,,
